{
    "analyzeResult": {
        "pageResults": [
            {
                "page": 1,
                "tables": [
                    {
                        "rows": 5,
                        "columns": 6,
                        "cells": [
                            {
                                "rowIndex": 0,
                                "columnIndex": 0,
                                "text": "FROM",
                                "isHeader": true,
                                "boundingBox": [
                                    0.36,
                                    5.23,
                                    0.6,
                                    5.23,
                                    0.6,
                                    5.3,
                                    0.36,
                                    5.3
                                ]
                            },
                            {
                                "rowIndex": 0,
                                "columnIndex": 1,
                                "text": "TO",
                                "isHeader": true,
                                "boundingBox": [
                                    0.835,
                                    5.23,
                                    1.06,
                                    5.23,
                                    1.06,
                                    5.3,
                                    0.835,
                                    5.3
                                ]
                            },
                            {
                                "rowIndex": 0,
                                "columnIndex": 2,
                                "text": "DUR(hr)",
                                "isHeader": true,
                                "boundingBox": [
                                    1.375,
                                    5.23,
                                    1.6,
                                    5.23,
                                    1.6,
                                    5.315,
                                    1.375,
                                    5.315
                                ]
                            },
                            {
                                "rowIndex": 0,
                                "columnIndex": 3,
                                "text": "CLASS",
                                "isHeader": true,
                                "boundingBox": [
                                    2.055,
                                    5.23,
                                    2.17,
                                    5.23,
                                    2.17,
                                    5.3,
                                    2.055,
                                    5.3
                                ]
                            },
                            {
                                "rowIndex": 0,
                                "columnIndex": 4,
                                "text": "RIG",
                                "isHeader": true,
                                "boundingBox": [
                                    2.53,
                                    5.235,
                                    2.765,
                                    5.235,
                                    2.765,
                                    5.31,
                                    2.53,
                                    5.31
                                ]
                            },
                            {
                                "rowIndex": 0,
                                "columnIndex": 5,
                                "text": "DESCRIPTION",
                                "isHeader": true,
                                "boundingBox": [
                                    2.95,
                                    5.185,
                                    7.45,
                                    5.185,
                                    7.45,
                                    7.47,
                                    2.95,
                                    7.47
                                ]
                            },
                            {
                                "rowIndex": 1,
                                "columnIndex": 0,
                                "text": "00:00",
                                "boundingBox": [
                                    0.36,
                                    5.23,
                                    0.6,
                                    5.23,
                                    0.6,
                                    5.3,
                                    0.36,
                                    5.3
                                ]
                            },
                            {
                                "rowIndex": 1,
                                "columnIndex": 1,
                                "text": "11:00",
                                "boundingBox": [
                                    0.835,
                                    5.23,
                                    1.06,
                                    5.23,
                                    1.06,
                                    5.3,
                                    0.835,
                                    5.3
                                ]
                            },
                            {
                                "rowIndex": 1,
                                "columnIndex": 2,
                                "text": "11,00",
                                "boundingBox": [
                                    1.375,
                                    5.23,
                                    1.6,
                                    5.23,
                                    1.6,
                                    5.315,
                                    1.375,
                                    5.315
                                ]
                            },
                            {
                                "rowIndex": 1,
                                "columnIndex": 3,
                                "text": "PT",
                                "boundingBox": [
                                    2.055,
                                    5.23,
                                    2.17,
                                    5.23,
                                    2.17,
                                    5.3,
                                    2.055,
                                    5.3
                                ]
                            },
                            {
                                "rowIndex": 1,
                                "columnIndex": 4,
                                "text": "MAIN",
                                "boundingBox": [
                                    2.53,
                                    5.235,
                                    2.765,
                                    5.235,
                                    2.765,
                                    5.31,
                                    2.53,
                                    5.31
                                ]
                            },
                            {
                                "rowIndex": 1,
                                "columnIndex": 5,
                                "text": "MW: Drilling with 8 1/2\" BHA from 5721 m to 5742 m, with 15-30 klbf, 80-120 rpm, 25-33 klbf.ft, 600 gpm / 2550 psi. Notes: - EDS#4 (CSR+UBSR). - Keeping booster with 350 gpm / 550 psi, SBP 300 psi, Choke A 46-48%. - MPD in AP mode @ 5547 m with 9,80 ppg. - Using PWD internal gauge to estimate ECD and to calibrate MPD model. - Backreaming 20 m at 5723 m and 5731 m due to surface torque increasing. - Backreaming 5 m at 5737 m due to low ROP and backreaming 30 m at 5740 due to low ROP and BHA vibration. - Observing stall with 33 klbf.ft at 5739 m. - Observing MRIL tool failure at 5739 m.",
                                "boundingBox": [
                                    2.95,
                                    5.185,
                                    7.45,
                                    5.185,
                                    7.45,
                                    7.47,
                                    2.95,
                                    7.47
                                ]
                            },
                            {
                                "rowIndex": 2,
                                "columnIndex": 0,
                                "text": "11:00",
                                "boundingBox": [
                                    0.37,
                                    7.585,
                                    0.595,
                                    7.585,
                                    0.595,
                                    7.655,
                                    0.37,
                                    7.655
                                ]
                            },
                            {
                                "rowIndex": 2,
                                "columnIndex": 1,
                                "text": "12:30",
                                "boundingBox": [
                                    0.83,
                                    7.585,
                                    1.06,
                                    7.585,
                                    1.06,
                                    7.655,
                                    0.83,
                                    7.655
                                ]
                            },
                            {
                                "rowIndex": 2,
                                "columnIndex": 2,
                                "text": "1,50",
                                "boundingBox": [
                                    1.4,
                                    7.585,
                                    1.575,
                                    7.585,
                                    1.575,
                                    7.67,
                                    1.4,
                                    7.67
                                ]
                            },
                            {
                                "rowIndex": 2,
                                "columnIndex": 3,
                                "text": "NPT",
                                "boundingBox": [
                                    2.02,
                                    7.585,
                                    2.21,
                                    7.585,
                                    2.21,
                                    7.655,
                                    2.02,
                                    7.655
                                ]
                            },
                            {
                                "rowIndex": 2,
                                "columnIndex": 4,
                                "text": "MAIN",
                                "boundingBox": [
                                    2.53,
                                    7.59,
                                    2.765,
                                    7.59,
                                    2.765,
                                    7.665,
                                    2.53,
                                    7.665
                                ]
                            },
                            {
                                "rowIndex": 2,
                                "columnIndex": 5,
                                "text": "MW: Troubleshooting MRIL tool. Obs.: - Performing downlinks and manual mode switch, without sucess.",
                                "boundingBox": [
                                    2.95,
                                    7.54,
                                    6.525,
                                    7.54,
                                    6.525,
                                    8.155,
                                    2.95,
                                    8.155
                                ]
                            },
                            {
                                "rowIndex": 3,
                                "columnIndex": 0,
                                "text": "12:30",
                                "boundingBox": [
                                    0.37,
                                    8.275,
                                    0.6,
                                    8.275,
                                    0.6,
                                    8.345,
                                    0.37,
                                    8.345
                                ]
                            },
                            {
                                "rowIndex": 3,
                                "columnIndex": 1,
                                "text": "15:00",
                                "boundingBox": [
                                    0.83,
                                    8.275,
                                    1.06,
                                    8.275,
                                    1.06,
                                    8.345,
                                    0.83,
                                    8.345
                                ]
                            },
                            {
                                "rowIndex": 3,
                                "columnIndex": 2,
                                "text": "2,50",
                                "boundingBox": [
                                    1.39,
                                    8.275,
                                    1.575,
                                    8.275,
                                    1.575,
                                    8.36,
                                    1.39,
                                    8.36
                                ]
                            },
                            {
                                "rowIndex": 3,
                                "columnIndex": 3,
                                "text": "PT",
                                "boundingBox": [
                                    2.055,
                                    8.275,
                                    2.17,
                                    8.275,
                                    2.17,
                                    8.345,
                                    2.055,
                                    8.345
                                ]
                            },
                            {
                                "rowIndex": 3,
                                "columnIndex": 4,
                                "text": "MAIN",
                                "boundingBox": [
                                    2.53,
                                    8.28,
                                    2.765,
                                    8.28,
                                    2.765,
                                    8.35,
                                    2.53,
                                    8.35
                                ]
                            },
                            {
                                "rowIndex": 3,
                                "columnIndex": 5,
                                "text": "MW: Drilling with 8 1/2\" BHA from 5742 m to 5747 m, with 15-37 klbf, 80 rpm, 25-32 klbf.ft, 600 gpm / 2550 psi. Notes: - Keeping booster with 350 gpm / 550 psi, SBP 300 psi, Choke A 46-48%. - MPD in AP mode @ 5547 m with 9,80 ppg. - Observing failure to receive M/LWD signal.",
                                "boundingBox": [
                                    2.95,
                                    8.23,
                                    7.455,
                                    8.23,
                                    7.455,
                                    9.345,
                                    2.95,
                                    9.345
                                ]
                            },
                            {
                                "rowIndex": 4,
                                "columnIndex": 0,
                                "text": "15:00",
                                "boundingBox": [
                                    0.37,
                                    9.46,
                                    0.6,
                                    9.46,
                                    0.6,
                                    9.535,
                                    0.37,
                                    9.535
                                ]
                            },
                            {
                                "rowIndex": 4,
                                "columnIndex": 1,
                                "text": "16:00",
                                "boundingBox": [
                                    0.83,
                                    9.46,
                                    1.06,
                                    9.46,
                                    1.06,
                                    9.535,
                                    0.83,
                                    9.535
                                ]
                            },
                            {
                                "rowIndex": 4,
                                "columnIndex": 2,
                                "text": "1,00",
                                "boundingBox": [
                                    1.4,
                                    9.46,
                                    1.575,
                                    9.46,
                                    1.575,
                                    9.545,
                                    1.4,
                                    9.545
                                ]
                            },
                            {
                                "rowIndex": 4,
                                "columnIndex": 3,
                                "text": "NPT",
                                "boundingBox": [
                                    2.02,
                                    9.46,
                                    2.21,
                                    9.46,
                                    2.21,
                                    9.535,
                                    2.02,
                                    9.535
                                ]
                            },
                            {
                                "rowIndex": 4,
                                "columnIndex": 4,
                                "text": "MAIN",
                                "boundingBox": [
                                    2.53,
                                    9.47,
                                    2.765,
                                    9.47,
                                    2.765,
                                    9.54,
                                    2.53,
                                    9.54
                                ]
                            },
                            {
                                "rowIndex": 4,
                                "columnIndex": 5,
                                "text": "MW: Troubleshooting M/LWD tools. Obs.: - Performing downlinks and manual mode switch, with sucess.",
                                "boundingBox": [
                                    2.95,
                                    9.415,
                                    6.35,
                                    9.415,
                                    6.35,
                                    10.03,
                                    2.95,
                                    10.03
                                ]
                            }
                        ],
                        "boundingBox": [],
                        "tableName": "Operations Summary",
                        "columnCount": 6
                    }
                ]
            }
        ]
    }
}