{"@context":{"@language":"en","@vocab":"https://schema.org/","column":"ml:column","extract":"ml:extract","field":"ml:field","fileProperty":"ml:fileProperty","format":"ml:format","includes":"ml:includes","isEnumeration":"ml:isEnumeration","jsonPath":"ml:jsonPath","ml":"http://mlcommons.org/schema/","parentField":"ml:parentField","path":"ml:path","recordSet":"ml:recordSet","references":"ml:references","regex":"ml:regex","repeated":"ml:repeated","replace":"ml:replace","sc":"https://schema.org/","separator":"ml:separator","source":"ml:source","subField":"ml:subField","transform":"ml:transform","data":{"@id":"ml:data","@type":"@json"},"dataType":{"@id":"ml:dataType","@type":"@vocab"}},"citation":"None","license":"https://creativecommons.org/publicdomain/zero/1.0/","url":"https://www.kaggle.com/datasets/yasserh/housing-prices-dataset","distribution":[{"contentUrl":"https://www.kaggle.com/api/v1/datasets/download/yasserh/housing-prices-dataset","contentSize":"4.629 KB","md5":"AnfxBbF8q9Xe\u002BqY7SJbgCg==","fileExtension":".zip","encodingFormat":"application/zip","@type":"sc:FileObject","name":"archive.zip","description":"Archive containing all the contents of the Housing Prices Dataset dataset"},{"contentUrl":"Housing.csv","containedIn":"archive.zip","encodingFormat":"text/csv","@type":"sc:FileObject","name":"Housing.csv","description":"The dataset has 13 features and 545 samples."}],"recordSet":[{"field":[{"dataType":["sc:Integer"],"source":{"distribution":"Housing.csv","extract":{"column":"price"}},"@type":"ml:Field","name":"price","description":"Price of the Houses"},{"dataType":["sc:Integer"],"source":{"distribution":"Housing.csv","extract":{"column":"area"}},"@type":"ml:Field","name":"area","description":"Area of a House"},{"dataType":["sc:Integer"],"source":{"distribution":"Housing.csv","extract":{"column":"bedrooms"}},"@type":"ml:Field","name":"bedrooms","description":"Number of House Bedrooms"},{"dataType":["sc:Integer"],"source":{"distribution":"Housing.csv","extract":{"column":"bathrooms"}},"@type":"ml:Field","name":"bathrooms","description":"Number if Bathrooms"},{"dataType":["sc:Integer"],"source":{"distribution":"Housing.csv","extract":{"column":"stories"}},"@type":"ml:Field","name":"stories","description":"Number of House Stories"},{"dataType":["sc:Boolean"],"source":{"distribution":"Housing.csv","extract":{"column":"mainroad"}},"@type":"ml:Field","name":"mainroad","description":"Weather connected to Main Road"},{"dataType":["sc:Boolean"],"source":{"distribution":"Housing.csv","extract":{"column":"guestroom"}},"@type":"ml:Field","name":"guestroom","description":"Weather has a guest room"},{"dataType":["sc:Boolean"],"source":{"distribution":"Housing.csv","extract":{"column":"basement"}},"@type":"ml:Field","name":"basement","description":"Weather has a basement"},{"dataType":["sc:Boolean"],"source":{"distribution":"Housing.csv","extract":{"column":"hotwaterheating"}},"@type":"ml:Field","name":"hotwaterheating","description":"Weather has a hotwater heater"},{"dataType":["sc:Boolean"],"source":{"distribution":"Housing.csv","extract":{"column":"airconditioning"}},"@type":"ml:Field","name":"airconditioning","description":"Weather has an airconditioning"},{"dataType":["sc:Integer"],"source":{"distribution":"Housing.csv","extract":{"column":"parking"}},"@type":"ml:Field","name":"parking","description":"Number of House Parkings"},{"dataType":["sc:Boolean"],"source":{"distribution":"Housing.csv","extract":{"column":"prefarea"}},"@type":"ml:Field","name":"prefarea","description":"Prefarea of the House"},{"dataType":["sc:Text"],"source":{"distribution":"Housing.csv","extract":{"column":"furnishingstatus"}},"@type":"ml:Field","name":"furnishingstatus","description":"Furnishing status of the House"}],"@type":"ml:RecordSet","name":"Housing.csv_records","description":"The dataset has 13 features and 545 samples."}],"@type":"sc:Dataset","name":"Housing-Prices-Dataset","description":"Housing Prices Prediction - Regression Problem"}